{"components": ["1_bg.svg", "2_New_Layer_1653405217.236188.svg", "3_New_Layer_1653405217.2408314.svg", "4_New_Layer_1653405217.241605.svg", "5_New_Layer_1653405217.242774.svg", "6_New_Layer_1653405217.2439158.svg", "7_New_Layer_1653405217.2447066.svg", "8_New_Layer_1653405217.2458453.svg", "9_New_Layer_1653405217.2466266.svg", "10_New_Layer_1653405217.2474222.svg", "11_New_Layer_1653405217.2482173.svg", "12_New_Layer_1653405217.2497075.svg", "13_New_Layer_1653405217.2504935.svg", "14_New_Layer_1653405217.2512877.svg", "15_New_Layer_1653405217.252772.svg", "16_New_Layer_1653405217.254247.svg", "17_New_Layer_1653405217.2550418.svg", "18_New_Layer_1653405217.2565038.svg", "19_New_Layer_1653405217.2576268.svg", "20_New_Layer_1653405217.2581005.svg", "21_New_Layer_1653405217.2585635.svg", "22_New_Layer_1653405217.2603745.svg", "23_New_Layer_1653405217.2615004.svg", "24_New_Layer_1653405217.2626207.svg", "25_New_Layer_1653405217.2641027.svg", "26_New_Layer_1653405217.2655616.svg", "27_New_Layer_1653405217.266698.svg", "28_New_Layer_1653405217.268172.svg", "29_New_Layer_1653405217.2692938.svg", "30_New_Layer_1653405217.2704072.svg", "31_New_Layer_1653405217.2715287.svg", "32_New_Layer_1653405217.2733471.svg", "33_New_Layer_1653405217.2741444.svg", "34_New_Layer_1653405217.2749305.svg", "35_New_Layer_1653405217.2762089.svg", "36_New_Layer_1653405217.2773528.svg", "37_New_Layer_1653405217.2781432.svg", "38_New_Layer_1653405217.279266.svg", "39_New_Layer_1653405217.2800484.svg", "40_New_Layer_1653405217.2808397.svg", "41_New_Layer_1653405217.2816293.svg", "42_New_Layer_1653405217.2831092.svg", "43_New_Layer_1653405217.2838993.svg", "44_New_Layer_1653405217.2846847.svg", "45_New_Layer_1653405217.2861428.svg", "46_New_Layer_1653405217.2875953.svg", "47_New_Layer_1653405217.28838.svg", "48_New_Layer_1653405217.2898452.svg", "49_New_Layer_1653405217.2909613.svg", "50_New_Layer_1653405217.2917445.svg", "51_New_Layer_1653405217.292522.svg", "52_New_Layer_1653405217.2943053.svg", "53_New_Layer_1653405217.2954278.svg", "54_New_Layer_1653405217.2965374.svg", "55_New_Layer_1653405217.2979999.svg", "56_New_Layer_1653405217.2994459.svg", "57_New_Layer_1653405217.300563.svg", "58_New_Layer_1653405217.3020263.svg", "59_New_Layer_1653405217.3031375.svg", "60_New_Layer_1653405217.3042455.svg", "61_New_Layer_1653405217.3053522.svg"], "components_data": {"1_bg.svg": {"type": "locked", "top": 2.0, "bottom": 2216.0, "left": 1.0, "right": 2777.0, "translate_x": 0.0, "translate_y": 0.0}, "2_New_Layer_1653405217.236188.svg": {"type": "component", "top": 472.97, "bottom": 485.5, "left": 594.0, "right": 814.0, "translate_x": 0.0, "translate_y": 0.0}, "3_New_Layer_1653405217.2408314.svg": {"type": "component", "top": 616.97, "bottom": 629.5, "left": 594.0, "right": 814.0, "translate_x": 0.0, "translate_y": 0.0}, "4_New_Layer_1653405217.241605.svg": {"type": "component", "top": 664.1, "bottom": 701.5, "left": 594.0, "right": 814.0, "translate_x": 0.0, "translate_y": 0.0}, "5_New_Layer_1653405217.242774.svg": {"type": "component", "top": 736.1, "bottom": 773.5, "left": 594.0, "right": 814.0, "translate_x": 0.0, "translate_y": 0.0}, "6_New_Layer_1653405217.2439158.svg": {"type": "component", "top": 618.47, "bottom": 629.5, "left": 864.0, "right": 1084.0, "translate_x": 0.0, "translate_y": 0.0}, "7_New_Layer_1653405217.2447066.svg": {"type": "component", "top": 520.1, "bottom": 557.5, "left": 594.0, "right": 814.0, "translate_x": 0.0, "translate_y": 0.0}, "8_New_Layer_1653405217.2458453.svg": {"type": "component", "top": 448.1, "bottom": 485.0, "left": 864.0, "right": 1084.0, "translate_x": 0.0, "translate_y": 0.0}, "9_New_Layer_1653405217.2466266.svg": {"type": "component", "top": 472.97, "bottom": 485.0, "left": 1134.0, "right": 1354.0, "translate_x": 0.0, "translate_y": 0.0}, "10_New_Layer_1653405217.2474222.svg": {"type": "component", "top": 472.97, "bottom": 485.5, "left": 1404.0, "right": 1624.0, "translate_x": 0.0, "translate_y": 0.0}, "11_New_Layer_1653405217.2482173.svg": {"type": "component", "top": 808.1, "bottom": 863.1, "left": 594.0, "right": 814.0, "translate_x": 0.0, "translate_y": 0.0}, "12_New_Layer_1653405217.2497075.svg": {"type": "component", "top": 919.5, "bottom": 974.5, "left": 594.5, "right": 813.5, "translate_x": 0.0, "translate_y": 0.0}, "13_New_Layer_1653405217.2504935.svg": {"type": "component", "top": 1079.5, "bottom": 1134.5, "left": 594.5, "right": 813.5, "translate_x": 0.0, "translate_y": 0.0}, "14_New_Layer_1653405217.2512877.svg": {"type": "component", "top": 1159.0, "bottom": 1214.5, "left": 594.5, "right": 813.5, "translate_x": 0.0, "translate_y": 0.0}, "15_New_Layer_1653405217.252772.svg": {"type": "component", "top": 1239.0, "bottom": 1294.5, "left": 594.5, "right": 813.5, "translate_x": 0.0, "translate_y": 0.0}, "16_New_Layer_1653405217.254247.svg": {"type": "component", "top": 1095.5, "bottom": 1134.5, "left": 864.5, "right": 1083.5, "translate_x": 0.0, "translate_y": 0.0}, "17_New_Layer_1653405217.2550418.svg": {"type": "component", "top": 995.5, "bottom": 1054.5, "left": 594.5, "right": 813.5, "translate_x": 0.0, "translate_y": 0.0}, "18_New_Layer_1653405217.2565038.svg": {"type": "component", "top": 919.0, "bottom": 974.0, "left": 865.0, "right": 1083.0, "translate_x": 0.0, "translate_y": 0.0}, "19_New_Layer_1653405217.2576268.svg": {"type": "component", "top": 919.5, "bottom": 974.5, "left": 1134.5, "right": 1353.5, "translate_x": 0.0, "translate_y": 0.0}, "20_New_Layer_1653405217.2581005.svg": {"type": "component", "top": 919.5, "bottom": 974.5, "left": 1404.5, "right": 1623.5, "translate_x": 0.0, "translate_y": 0.0}, "21_New_Layer_1653405217.2585635.svg": {"type": "component", "top": 1319.0, "bottom": 1392.1, "left": 594.5, "right": 813.5, "translate_x": 0.0, "translate_y": 0.0}, "22_New_Layer_1653405217.2603745.svg": {"type": "component", "top": 1448.0, "bottom": 1503.5, "left": 594.0, "right": 814.0, "translate_x": 0.0, "translate_y": 0.0}, "23_New_Layer_1653405217.2615004.svg": {"type": "component", "top": 1608.0, "bottom": 1663.5, "left": 594.0, "right": 814.0, "translate_x": 0.0, "translate_y": 0.0}, "24_New_Layer_1653405217.2626207.svg": {"type": "component", "top": 1688.0, "bottom": 1743.5, "left": 594.0, "right": 814.0, "translate_x": 0.0, "translate_y": 0.0}, "25_New_Layer_1653405217.2641027.svg": {"type": "component", "top": 1768.0, "bottom": 1823.5, "left": 594.0, "right": 814.0, "translate_x": 0.0, "translate_y": 0.0}, "26_New_Layer_1653405217.2655616.svg": {"type": "component", "top": 1616.0, "bottom": 1663.5, "left": 864.0, "right": 1084.0, "translate_x": 0.0, "translate_y": 0.0}, "27_New_Layer_1653405217.266698.svg": {"type": "component", "top": 1528.0, "bottom": 1583.5, "left": 594.0, "right": 814.0, "translate_x": 0.0, "translate_y": 0.0}, "28_New_Layer_1653405217.268172.svg": {"type": "component", "top": 1448.0, "bottom": 1503.0, "left": 864.0, "right": 1084.0, "translate_x": 0.0, "translate_y": 0.0}, "29_New_Layer_1653405217.2692938.svg": {"type": "component", "top": 1448.0, "bottom": 1503.0, "left": 1134.0, "right": 1354.0, "translate_x": 0.0, "translate_y": 0.0}, "30_New_Layer_1653405217.2704072.svg": {"type": "component", "top": 1448.0, "bottom": 1503.5, "left": 1404.0, "right": 1624.0, "translate_x": 0.0, "translate_y": 0.0}, "31_New_Layer_1653405217.2715287.svg": {"type": "component", "top": 1848.0, "bottom": 1921.1, "left": 594.0, "right": 814.0, "translate_x": 0.0, "translate_y": 0.0}, "32_New_Layer_1653405217.2733471.svg": {"type": "component", "top": 472.97, "bottom": 485.5, "left": 1722.0, "right": 1942.0, "translate_x": 0.0, "translate_y": 0.0}, "33_New_Layer_1653405217.2741444.svg": {"type": "component", "top": 616.97, "bottom": 629.5, "left": 1722.0, "right": 1942.0, "translate_x": 0.0, "translate_y": 0.0}, "34_New_Layer_1653405217.2749305.svg": {"type": "component", "top": 664.1, "bottom": 701.5, "left": 1722.0, "right": 1942.0, "translate_x": 0.0, "translate_y": 0.0},