{"components": ["1_bg.svg", "2_New_Layer_1653328872.714807.svg", "3_New_Layer_1653328872.715632.svg", "4_New_Layer_1653328872.7160285.svg", "5_New_Layer_1653328872.7164383.svg", "6_New_Layer_1653328872.717458.svg", "7_New_Layer_1653328872.7178586.svg", "8_New_Layer_1653328872.7181756.svg", "9_New_Layer_1653328872.7206016.svg", "10_New_Layer_1653328872.7209961.svg", "11_New_Layer_1653328872.7213988.svg", "12_New_Layer_1653328872.7217925.svg", "13_New_Layer_1653328872.722195.svg", "14_New_Layer_1653328872.7225876.svg", "15_New_Layer_1653328872.722981.svg", "16_New_Layer_1653328872.7236712.svg", "17_New_Layer_1653328872.7246492.svg", "18_New_Layer_1653328872.725629.svg", "19_New_Layer_1653328872.7260265.svg", "20_New_Layer_1653328872.7264335.svg", "21_New_Layer_1653328872.7268295.svg", "22_New_Layer_1653328872.7275264.svg", "23_New_Layer_1653328872.7282217.svg", "24_New_Layer_1653328872.7289047.svg", "25_New_Layer_1653328872.729599.svg", "26_New_Layer_1653328872.7303047.svg", "27_New_Layer_1653328872.730987.svg", "28_New_Layer_1653328872.7316792.svg", "29_New_Layer_1653328872.7323754.svg", "30_New_Layer_1653328872.7330592.svg", "31_New_Layer_1653328872.7337508.svg", "32_New_Layer_1653328872.734451.svg", "33_New_Layer_1653328872.7348487.svg", "34_New_Layer_1653328872.7352557.svg", "35_New_Layer_1653328872.735651.svg", "36_New_Layer_1653328872.7360437.svg", "37_New_Layer_1653328872.7364523.svg", "38_New_Layer_1653328872.7368572.svg", "39_New_Layer_1653328872.7371767.svg", "40_New_Layer_1653328872.7378566.svg", "41_New_Layer_1653328872.7387316.svg", "42_New_Layer_1653328872.7391915.svg", "43_New_Layer_1653328872.740503.svg", "44_New_Layer_1653328872.7410872.svg", "45_New_Layer_1653328872.7416463.svg", "46_New_Layer_1653328872.7426426.svg", "47_New_Layer_1653328872.743485.svg", "48_New_Layer_1653328872.7441764.svg", "49_New_Layer_1653328872.744857.svg", "50_New_Layer_1653328872.7455602.svg", "51_New_Layer_1653328872.746656.svg", "52_New_Layer_1653328872.7469645.svg", "53_New_Layer_1653328872.7476652.svg", "54_New_Layer_1653328872.748757.svg", "55_New_Layer_1653328872.7490666.svg", "56_New_Layer_1653328872.7497578.svg"], "components_data": {"1_bg.svg": {"type": "locked", "top": 2.0, "bottom": 1706.0, "left": 1.0, "right": 1801.0, "translate_x": 0.0, "translate_y": 0.0}, "2_New_Layer_1653328872.714807.svg": {"type": "component", "top": 504.0, "bottom": 546.0, "left": 1734.0, "right": 1776.0, "translate_x": 0.0, "translate_y": 0.0}, "3_New_Layer_1653328872.715632.svg": {"type": "component", "top": 582.0, "bottom": 600.0, "left": 1246.0, "right": 1264.0, "translate_x": 0.0, "translate_y": 0.0}, "4_New_Layer_1653328872.7160285.svg": {"type": "component", "top": 1135.5, "bottom": 1150.5, "left": 1245.5, "right": 1260.5, "translate_x": 0.0, "translate_y": 0.0}, "5_New_Layer_1653328872.7164383.svg": {"type": "component", "top": 504.0, "bottom": 546.0, "left": 1094.0, "right": 1136.0, "translate_x": 0.0, "translate_y": 0.0}, "6_New_Layer_1653328872.717458.svg": {"type": "component", "top": 582.0, "bottom": 600.0, "left": 606.0, "right": 624.0, "translate_x": 0.0, "translate_y": 0.0}, "7_New_Layer_1653328872.7178586.svg": {"type": "component", "top": 1135.5, "bottom": 1150.5, "left": 605.5, "right": 620.5, "translate_x": 0.0, "translate_y": 0.0}, "8_New_Layer_1653328872.7181756.svg": {"type": "component", "top": 1339.47, "bottom": 1486.1, "left": 570.0, "right": 612.0, "translate_x": 0.0, "translate_y": 0.0}, "9_New_Layer_1653328872.7206016.svg": {"type": "component", "top": 978.0, "bottom": 996.0, "left": 1246.0, "right": 1264.0, "translate_x": 0.0, "translate_y": 0.0}, "10_New_Layer_1653328872.7209961.svg": {"type": "component", "top": 912.0, "bottom": 930.0, "left": 1246.0, "right": 1264.0, "translate_x": 0.0, "translate_y": 0.0}, "11_New_Layer_1653328872.7213988.svg": {"type": "component", "top": 846.0, "bottom": 864.0, "left": 1246.0, "right": 1264.0, "translate_x": 0.0, "translate_y": 0.0}, "12_New_Layer_1653328872.7217925.svg": {"type": "component", "top": 780.0, "bottom": 798.0, "left": 1246.0, "right": 1264.0, "translate_x": 0.0, "translate_y": 0.0}, "13_New_Layer_1653328872.722195.svg": {"type": "component", "top": 714.0, "bottom": 732.0, "left": 1246.0, "right": 1264.0, "translate_x": 0.0, "translate_y": 0.0}, "14_New_Layer_1653328872.7225876.svg": {"type": "component", "top": 1044.0, "bottom": 1062.0, "left": 1246.0, "right": 1264.0, "translate_x": 0.0, "translate_y": 0.0}, "15_New_Layer_1653328872.722981.svg": {"type": "component", "top": 438.0, "bottom": 480.0, "left": 1734.0, "right": 1776.0, "translate_x": 0.0, "translate_y": 0.0}, "16_New_Layer_1653328872.7236712.svg": {"type": "component", "top": 504.0, "bottom": 546.0, "left": 1584.0, "right": 1626.0, "translate_x": 0.0, "translate_y": 0.0}, "17_New_Layer_1653328872.7246492.svg": {"type": "component", "top": 438.0, "bottom": 480.0, "left": 1584.0, "right": 1626.0, "translate_x": 0.0, "translate_y": 0.0}, "18_New_Layer_1653328872.725629.svg": {"type": "component", "top": 648.0, "bottom": 666.0, "left": 1246.0, "right": 1264.0, "translate_x": 0.0, "translate_y": 0.0}, "19_New_Layer_1653328872.7260265.svg": {"type": "component", "top": 516.0, "bottom": 534.0, "left": 1246.0, "right": 1264.0, "translate_x": 0.0, "translate_y": 0.0}, "20_New_Layer_1653328872.7264335.svg": {"type": "component", "top": 450.0, "bottom": 468.0, "left": 1246.0, "right": 1264.0, "translate_x": 0.0, "translate_y": 0.0}, "21_New_Layer_1653328872.7268295.svg": {"type": "component", "top": 978.0, "bottom": 996.0, "left": 1396.0, "right": 1426.0, "translate_x": 0.0, "translate_y": 0.0}, "22_New_Layer_1653328872.7275264.svg": {"type": "component", "top": 912.0, "bottom": 930.0, "left": 1396.0, "right": 1426.0, "translate_x": 0.0, "translate_y": 0.0}, "23_New_Layer_1653328872.7282217.svg": {"type": "component", "top": 846.0, "bottom": 864.0, "left": 1396.0, "right": 1426.0, "translate_x": 0.0, "translate_y": 0.0}, "24_New_Layer_1653328872.7289047.svg": {"type": "component", "top": 780.0, "bottom": 798.0, "left": 1396.0, "right": 1426.0, "translate_x": 0.0, "translate_y": 0.0}, "25_New_Layer_1653328872.729599.svg": {"type": "component", "top": 714.0, "bottom": 732.0, "left": 1396.0, "right": 1426.0, "translate_x": 0.0, "translate_y": 0.0}, "26_New_Layer_1653328872.7303047.svg": {"type": "component", "top": 1044.0, "bottom": 1062.0, "left": 1396.0, "right": 1426.0, "translate_x": 0.0, "translate_y": 0.0}, "27_New_Layer_1653328872.730987.svg": {"type": "component", "top": 648.0, "bottom": 666.0, "left": 1396.0, "right": 1426.0, "translate_x": 0.0, "translate_y": 0.0}, "28_New_Layer_1653328872.7316792.svg": {"type": "component", "top": 582.0, "bottom": 600.0, "left": 1396.0, "right": 1426.0, "translate_x": 0.0, "translate_y": 0.0}, "29_New_Layer_1653328872.7323754.svg": {"type": "component", "top": 516.0, "bottom": 534.0, "left": 1396.0, "right": 1426.0, "translate_x": 0.0, "translate_y": 0.0}, "30_New_Layer_1653328872.7330592.svg": {"type": "component", "top": 1135.5, "bottom": 1150.5, "left": 1395.5, "right": 1422.0, "translate_x": 0.0, "translate_y": 0.0}, "31_New_Layer_1653328872.7337508.svg": {"type": "component", "top": 450.0, "bottom": 468.0, "left": 1396.0, "right": 1426.0, "translate_x": 0.0, "translate_y": 0.0}, "32_New_Layer_1653328872.734451.svg": {"type": "component", "top": 978.0, "bottom": 996.0, "left": 606.0, "right": 624.0, "translate_x": 0.0, "translate_y": 0.0}, "33_New_Layer_1653328872.7348487.svg": {"type": "component", "top": 912.0, "bottom": 930.0, "left": 606.0, "right": 624.0, "translate_x": 0.0, "translate_y": 0.0}, "34_New_Layer_1653328872.7352557.svg": {"type": "component", "top": 846.0, "bottom": 864.0, "left": 606.0, "right": 624.0, "translate_x": 0.0, "translate_y": 0.0}, "35_New_Layer_1653328872.735651.svg": {"type": "component", "top": 780.0, "bottom": 798.0, "left": 606.0, "right": 624.0, "translate_x": 0.0, "translate_y": 0.0}, "36_New_Layer_1653328872.7360437.svg": {"type": "component",