{"components": ["1_bg.svg", "2_New_Layer_1653322527.8313375.svg", "3_New_Layer_1653322527.8322563.svg", "4_New_Layer_1653322527.8330388.svg", "5_New_Layer_1653322527.833742.svg", "6_New_Layer_1653322527.8344219.svg", "7_New_Layer_1653322527.8354015.svg", "8_New_Layer_1653322527.8363662.svg", "9_New_Layer_1653322527.837035.svg", "10_New_Layer_1653322527.837713.svg", "11_New_Layer_1653322527.8383908.svg", "12_New_Layer_1653322527.8390582.svg", "13_New_Layer_1653322527.839735.svg", "14_New_Layer_1653322527.8410115.svg", "15_New_Layer_1653322527.8416967.svg"], "components_data": {"1_bg.svg": {"type": "locked", "top": 2.0, "bottom": 984.0, "left": 1.0, "right": 1321.0, "translate_x": 0.0, "translate_y": 0.0}, "2_New_Layer_1653322527.8313375.svg": {"type": "component", "top": 588.0, "bottom": 628.0, "left": 1192.0, "right": 1232.0, "translate_x": 0.0, "translate_y": 0.0}, "3_New_Layer_1653322527.8322563.svg": {"type": "component", "top": 588.0, "bottom": 628.0, "left": 814.0, "right": 854.0, "translate_x": 0.0, "translate_y": 0.0}, "4_New_Layer_1653322527.8330388.svg": {"type": "component", "top": 438.0, "bottom": 478.0, "left": 1192.0, "right": 1232.0, "translate_x": 0.0, "translate_y": 0.0}, "5_New_Layer_1653322527.833742.svg": {"type": "component", "top": 438.0, "bottom": 478.0, "left": 1082.0, "right": 1122.0, "translate_x": 0.0, "translate_y": 0.0}, "6_New_Layer_1653322527.8344219.svg": {"type": "component", "top": 588.0, "bottom": 628.0, "left": 1082.0, "right": 1122.0, "translate_x": 0.0, "translate_y": 0.0}, "7_New_Layer_1653322527.8354015.svg": {"type": "component", "top": 686.0, "bottom": 726.0, "left": 980.0, "right": 1020.0, "translate_x": 0.0, "translate_y": 0.0}, "8_New_Layer_1653322527.8363662.svg": {"type": "component", "top": 588.0, "bottom": 628.0, "left": 972.0, "right": 1012.0, "translate_x": 0.0, "translate_y": 0.0}, "9_New_Layer_1653322527.837035.svg": {"type": "component", "top": 438.0, "bottom": 478.0, "left": 972.0, "right": 1012.0, "translate_x": 0.0, "translate_y": 0.0}, "10_New_Layer_1653322527.837713.svg": {"type": "component", "top": 438.0, "bottom": 478.0, "left": 814.0, "right": 854.0, "translate_x": 0.0, "translate_y": 0.0}, "11_New_Layer_1653322527.8383908.svg": {"type": "component", "top": 438.0, "bottom": 478.0, "left": 704.0, "right": 744.0, "translate_x": 0.0, "translate_y": 0.0}, "12_New_Layer_1653322527.8390582.svg": {"type": "component", "top": 588.0, "bottom": 628.0, "left": 704.0, "right": 744.0, "translate_x": 0.0, "translate_y": 0.0}, "13_New_Layer_1653322527.839735.svg": {"type": "component", "top": 686.0, "bottom": 726.0, "left": 602.0, "right": 642.0, "translate_x": 0.0, "translate_y": 0.0}, "14_New_Layer_1653322527.8410115.svg": {"type": "component", "top": 588.0, "bottom": 628.0, "left": 594.0, "right": 634.0, "translate_x": 0.0, "translate_y": 0.0}, "15_New_Layer_1653322527.8416967.svg": {"type": "component", "top": 438.0, "bottom": 478.0, "left": 594.0, "right": 634.0, "translate_x": 0.0, "translate_y": 0.0}}}