{"components": ["1_New_Layer_1652788042.4826295.svg", "2_New_Layer_1652788042.4838865.svg", "3_New_Layer_1652788042.485024.svg", "4_New_Layer_1652788042.4861734.svg", "5_New_Layer_1652788042.4873137.svg", "6_New_Layer_1652788042.488454.svg", "7_New_Layer_1652788042.489578.svg", "8_New_Layer_1652788042.490721.svg", "9_New_Layer_1652788042.4918492.svg", "10_New_Layer_1652788042.492977.svg", "11_New_Layer_1652788042.49443.svg", "12_New_Layer_1652788042.495556.svg", "13_New_Layer_1652788042.4966855.svg", "14_New_Layer_1652788042.4983275.svg", "15_New_Layer_1652788042.4999814.svg", "16_New_Layer_1652788042.5016344.svg", "17_New_Layer_1652788060.4801724.svg", "18_New_Layer_1652788060.481934.svg", "19_New_Layer_1652788060.4856298.svg", "20_New_Layer_1652788060.4882686.svg", "21_New_Layer_1652788060.493262.svg", "22_New_Layer_1652788060.4948976.svg", "23_New_Layer_1652788060.4985938.svg", "24_New_Layer_1652788060.5012505.svg", "25_New_Layer_1652788060.5059586.svg", "26_New_Layer_1652788060.5075932.svg", "27_New_Layer_1652788060.5112743.svg", "28_New_Layer_1652788060.5139294.svg", "29_New_Layer_1652788060.518657.svg", "30_New_Layer_1652788060.523352.svg", "31_New_Layer_1652788060.530036.svg", "32_New_Layer_1652788060.5356462.svg", "33_New_Layer_1652788070.5647178.svg", "34_New_Layer_1652788070.5670397.svg", "35_New_Layer_1652788070.5712311.svg", "36_New_Layer_1652788070.5743935.svg", "37_New_Layer_1652788070.579918.svg", "38_New_Layer_1652788070.582065.svg", "39_New_Layer_1652788070.586262.svg", "40_New_Layer_1652788070.5894327.svg", "41_New_Layer_1652788070.5946376.svg", "42_New_Layer_1652788070.59679.svg", "43_New_Layer_1652788070.6009645.svg", "44_New_Layer_1652788070.6040912.svg", "45_New_Layer_1652788070.6092777.svg", "46_New_Layer_1652788070.6144743.svg", "47_New_Layer_1652788070.6215563.svg", "48_New_Layer_1652788070.627659.svg"], "components_data": {"1_New_Layer_1652788042.4826295.svg": {"top": 257.3, "bottom": 270.0, "left": 4.72, "right": 84.67}, "2_New_Layer_1652788042.4838865.svg": {"top": 293.29, "bottom": 305.98, "left": -0.0, "right": 84.67}, "3_New_Layer_1652788042.485024.svg": {"top": 177.92, "bottom": 198.03, "left": -0.0, "right": 84.67}, "4_New_Layer_1652788042.4861734.svg": {"top": 76.32, "bottom": 96.43, "left": -0.0, "right": 84.67}, "5_New_Layer_1652788042.4873137.svg": {"top": 203.32, "bottom": 216.02, "left": -0.0, "right": 84.67}, "6_New_Layer_1652788042.488454.svg": {"top": 239.31, "bottom": 252.01, "left": -0.0, "right": 84.67}, "7_New_Layer_1652788042.489578.svg": {"top": 101.72, "bottom": 121.83, "left": -0.0, "right": 84.67}, "8_New_Layer_1652788042.490721.svg": {"top": 152.52, "bottom": 172.63, "left": -0.0, "right": 84.67}, "9_New_Layer_1652788042.4918492.svg": {"top": 311.28, "bottom": 323.98, "left": -0.0, "right": 84.67}, "10_New_Layer_1652788042.492977.svg": {"top": 275.29, "bottom": 287.99, "left": -0.0, "right": 84.67}, "11_New_Layer_1652788042.49443.svg": {"top": 25.52, "bottom": 45.63, "left": -0.0, "right": 84.67}, "12_New_Layer_1652788042.495556.svg": {"top": 127.12, "bottom": 147.23, "left": -0.0, "right": 84.67}, "13_New_Layer_1652788042.4966855.svg": {"top": 221.32, "bottom": 234.02, "left": -0.0, "right": 84.67}, "14_New_Layer_1652788042.4983275.svg": {"top": 329.27, "bottom": 341.97, "left": -0.0, "right": 84.67}, "15_New_Layer_1652788042.4999814.svg": {"top": 0.12, "bottom": 20.23, "left": -0.0, "right": 84.67}, "16_New_Layer_1652788042.5016344.svg": {"top": 50.92, "bottom": 71.03, "left": -0.0, "right": 84.67}, "17_New_Layer_1652788060.4801724.svg": {"top": 272.0, "bottom": 285.23, "left": 123.41, "right": 208.6}, "18_New_Layer_1652788060.481934.svg": {"top": 236.54, "bottom": 249.77, "left": 123.41, "right": 208.6}, "19_New_Layer_1652788060.4856298.svg": {"top": 50.27, "bottom": 70.91, "left": 123.41, "right": 208.6}, "20_New_Layer_1652788060.4882686.svg": {"top": 175.95, "bottom": 196.59, "left": 123.41, "right": 208.6}, "21_New_Layer_1652788060.493262.svg": {"top": 254.27, "bottom": 267.5, "left": 123.41, "right": 208.6}, "22_New_Layer_1652788060.4948976.svg": {"top": 325.18, "bottom": 338.41, "left": 123.41, "right": 208.6}, "23_New_Layer_1652788060.4985938.svg": {"top": 125.68, "bottom": 146.32, "left": 123.41, "right": 208.6}, "24_New_Layer_1652788060.5012505.svg": {"top": 75.41, "bottom": 96.05, "left": 123.41, "right": 208.6}, "25_New_Layer_1652788060.5059586.svg": {"top": 201.09, "bottom": 214.32, "left": 123.41, "right": 208.6}, "26_New_Layer_1652788060.5075932.svg": {"top": 289.73, "bottom": 302.95, "left": 123.41, "right": 208.6}, "27_New_Layer_1652788060.5112743.svg": {"top": 150.82, "bottom": 171.45, "left": 123.41, "right": 208.6}, "28_New_Layer_1652788060.5139294.svg": {"top": 25.14, "bottom": 45.77, "left": 123.41, "right": 208.6}, "29_New_Layer_1652788060.518657.svg": {"top": 218.81, "bottom": 232.04, "left": 123.41, "right": 208.6}, "30_New_Layer_1652788060.523352.svg": {"top": 307.45, "bottom": 320.68, "left": 123.41, "right": 208.6}, "31_New_Layer_1652788060.530036.svg": {"top": 0.0, "bottom": 20.64, "left": 123.41, "right": 208.6}, "32_New_Layer_1652788060.5356462.svg": {"top": 100.54, "bottom": 121.18, "left": 123.41, "right": 208.6}, "33_New_Layer_1652788070.5647178.svg": {"top": 201.14, "bottom": 213.84, "left": 255.18, "right": 339.85}, "34_New_Layer_1652788070.5670397.svg": {"top": 307.51, "bottom": 320.21, "left": 255.18, "right": 339.85}, "35_New_Layer_1652788070.5712311.svg": {"top": 176.01, "bottom": 196.12, "left": 255.18, "right": 339.85}, "36_New_Layer_1652788070.5743935.svg": {"top": 0.06, "bottom": 20.16, "left": 255.18, "right": 339.85}, "37_New_Layer_1652788070.579918.svg": {"top": 272.05, "bottom": 284.75, "left": 255.18, "right": 339.85}, "38_New_Layer_1652788070.582065.svg": {"top": 325.24, "bottom": 337.94, "left": 255.18, "right": 339.85}, "39_New_Layer_1652788070.586262.svg": {"top": 75.46, "bottom": 95.57, "left": 255.18, "right": 339.85}, "40_New_Layer_1652788070.5894327.svg": {"top": 125.73, "bottom": 145.84, "left": 255.18, "right": 339.85}, "41_New_Layer_1652788070.5946376.svg": {"top": 236.6, "bottom": 249.3, "left": 255.18, "right": 339.85}, "42_New_Layer_1652788070.59679.svg": {"top": 218.87, "bottom": 231.57, "left": 255.18, "right": 339.85}, "43_New_Layer_1652788070.6009645.svg": {"top": 150.87, "bottom": 170.98, "left": 255.18, "right": 339.85}, "44_New_Layer_1652788070.6040912.svg": {"top": 25.19, "bottom": 45.3, "left": 255.18, "right": 339.85}, "45_New_Layer_1652788070.6092777.svg": {"top": 254.32, "bottom": 267.03, "left": 255.18, "right": 339.85}, "46_New_Layer_1652788070.6144743.svg": {"top": 289.78, "bottom": 302.48, "left": 255.18, "right": 339.85}, "47_New_Layer_1652788070.6215563.svg": {"top": 50.33, "bottom": 70.44, "left": 255.18, "right": 339.85}, "48_New_Layer_1652788070.627659.svg": {"top": 100.6, "bottom": 120.71, "left": 255.18, "right": 339.85}}}