{"components": ["1_bg.svg", "2_New_Layer_1653319471.4594352.svg", "3_New_Layer_1653319471.4605129.svg", "4_New_Layer_1653319471.4617815.svg", "5_New_Layer_1653319471.463607.svg", "6_New_Layer_1653319471.4645796.svg", "7_New_Layer_1653319471.4658391.svg", "8_New_Layer_1653319471.466802.svg", "9_New_Layer_1653319471.4681895.svg", "10_New_Layer_1653319471.4695668.svg", "11_New_Layer_1653319471.4705305.svg", "12_New_Layer_1653319471.4714904.svg", "13_New_Layer_1653319471.472995.svg", "14_New_Layer_1653319471.4748302.svg", "15_New_Layer_1653319471.475794.svg", "16_New_Layer_1653319471.4770427.svg", "17_New_Layer_1653319471.4780114.svg", "18_New_Layer_1653319471.4789803.svg", "19_New_Layer_1653319471.4802465.svg"], "components_data": {"1_bg.svg": {"type": "locked", "top": 2.0, "bottom": 1349.0, "left": 1.0, "right": 1357.0, "translate_x": 0.0, "translate_y": 0.0}, "2_New_Layer_1653319471.4594352.svg": {"type": "component", "top": 525.0, "bottom": 573.0, "left": 594.0, "right": 914.0, "translate_x": 0.0, "translate_y": 0.0}, "3_New_Layer_1653319471.4605129.svg": {"type": "component", "top": 623.0, "bottom": 699.0, "left": 594.0, "right": 914.0, "translate_x": 0.0, "translate_y": 0.0}, "4_New_Layer_1653319471.4617815.svg": {"type": "component", "top": 723.0, "bottom": 799.0, "left": 594.0, "right": 914.0, "translate_x": 0.0, "translate_y": 0.0}, "5_New_Layer_1653319471.463607.svg": {"type": "component", "top": 849.0, "bottom": 897.0, "left": 594.0, "right": 914.0, "translate_x": 0.0, "translate_y": 0.0}, "6_New_Layer_1653319471.4645796.svg": {"type": "component", "top": 921.0, "bottom": 969.0, "left": 594.0, "right": 914.0, "translate_x": 0.0, "translate_y": 0.0}, "7_New_Layer_1653319471.4658391.svg": {"type": "component", "top": 993.0, "bottom": 1041.0, "left": 594.0, "right": 914.0, "translate_x": 0.0, "translate_y": 0.0}, "8_New_Layer_1653319471.466802.svg": {"type": "component", "top": 1065.0, "bottom": 1113.0, "left": 594.0, "right": 914.0, "translate_x": 0.0, "translate_y": 0.0}, "9_New_Layer_1653319471.4681895.svg": {"type": "component", "top": 448.0, "bottom": 498.0, "left": 593.0, "right": 915.0, "translate_x": 0.0, "translate_y": 0.0}, "10_New_Layer_1653319471.4695668.svg": {"type": "component", "top": 378.0, "bottom": 426.0, "left": 594.0, "right": 914.0, "translate_x": 0.0, "translate_y": 0.0}, "11_New_Layer_1653319471.4705305.svg": {"type": "component", "top": 525.0, "bottom": 573.0, "left": 1012.0, "right": 1332.0, "translate_x": 0.0, "translate_y": 0.0}, "12_New_Layer_1653319471.4714904.svg": {"type": "component", "top": 623.0, "bottom": 699.0, "left": 1012.0, "right": 1332.0, "translate_x": 0.0, "translate_y": 0.0}, "13_New_Layer_1653319471.472995.svg": {"type": "component", "top": 723.0, "bottom": 799.0, "left": 1012.0, "right": 1332.0, "translate_x": 0.0, "translate_y": 0.0}, "14_New_Layer_1653319471.4748302.svg": {"type": "component", "top": 849.0, "bottom": 897.0, "left": 1012.0, "right": 1332.0, "translate_x": 0.0, "translate_y": 0.0}, "15_New_Layer_1653319471.475794.svg": {"type": "component", "top": 921.0, "bottom": 969.0, "left": 1012.0, "right": 1332.0, "translate_x": 0.0, "translate_y": 0.0}, "16_New_Layer_1653319471.4770427.svg": {"type": "component", "top": 993.0, "bottom": 1041.0, "left": 1012.0, "right": 1332.0, "translate_x": 0.0, "translate_y": 0.0}, "17_New_Layer_1653319471.4780114.svg": {"type": "component", "top": 1065.0, "bottom": 1113.0, "left": 1012.0, "right": 1332.0, "translate_x": 0.0, "translate_y": 0.0}, "18_New_Layer_1653319471.4789803.svg": {"type": "component", "top": 448.0, "bottom": 498.0, "left": 1011.0, "right": 1333.0, "translate_x": 0.0, "translate_y": 0.0}, "19_New_Layer_1653319471.4802465.svg": {"type": "component", "top": 378.0, "bottom": 426.0, "left": 1012.0, "right": 1332.0, "translate_x": 0.0, "translate_y": 0.0}}}