{"components": ["1_bg.svg", "2_New_Layer_1653396223.842167.svg", "3_New_Layer_1653396223.8483543.svg", "4_New_Layer_1653396223.848774.svg", "5_New_Layer_1653396223.8491964.svg", "6_New_Layer_1653396223.8496149.svg", "7_New_Layer_1653396223.8500476.svg", "8_New_Layer_1653396223.8504832.svg", "9_New_Layer_1653396223.8509123.svg", "10_New_Layer_1653396223.851338.svg", "11_New_Layer_1653396223.8517754.svg", "12_New_Layer_1653396223.8521938.svg", "13_New_Layer_1653396223.8526132.svg", "14_New_Layer_1653396223.8530445.svg", "15_New_Layer_1653396223.8534646.svg", "16_New_Layer_1653396223.8538897.svg", "17_New_Layer_1653396223.8543036.svg", "18_New_Layer_1653396223.8547387.svg", "19_New_Layer_1653396223.8551533.svg", "20_New_Layer_1653396223.8555686.svg", "21_New_Layer_1653396223.855996.svg", "22_New_Layer_1653396223.856417.svg", "23_New_Layer_1653396223.856847.svg", "24_New_Layer_1653396223.8572636.svg", "25_New_Layer_1653396223.857691.svg", "26_New_Layer_1653396223.8581128.svg", "27_New_Layer_1653396223.8585372.svg", "28_New_Layer_1653396223.858963.svg", "29_New_Layer_1653396223.85938.svg", "30_New_Layer_1653396223.8598063.svg", "31_New_Layer_1653396223.8602235.svg"], "components_data": {"1_bg.svg": {"type": "locked", "top": 2.0, "bottom": 1620.0, "left": 1.0, "right": 1917.0, "translate_x": 0.0, "translate_y": 0.0}, "2_New_Layer_1653396223.842167.svg": {"type": "component", "top": 378.0, "bottom": 430.0, "left": 594.0, "right": 1194.0, "translate_x": 0.0, "translate_y": 0.0}, "3_New_Layer_1653396223.8483543.svg": {"type": "component", "top": 708.0, "bottom": 740.0, "left": 594.0, "right": 1194.0, "translate_x": 0.0, "translate_y": 0.0}, "4_New_Layer_1653396223.848774.svg": {"type": "component", "top": 632.0, "bottom": 684.0, "left": 594.0, "right": 1194.0, "translate_x": 0.0, "translate_y": 0.0}, "5_New_Layer_1653396223.8491964.svg": {"type": "component", "top": 790.0, "bottom": 842.0, "left": 594.0, "right": 1194.0, "translate_x": 0.0, "translate_y": 0.0}, "6_New_Layer_1653396223.8496149.svg": {"type": "component", "top": 892.0, "bottom": 948.0, "left": 594.0, "right": 1194.0, "translate_x": 0.0, "translate_y": 0.0}, "7_New_Layer_1653396223.8500476.svg": {"type": "component", "top": 972.0, "bottom": 1028.0, "left": 594.0, "right": 1194.0, "translate_x": 0.0, "translate_y": 0.0}, "8_New_Layer_1653396223.8504832.svg": {"type": "component", "top": 454.0, "bottom": 506.0, "left": 594.0, "right": 1194.0, "translate_x": 0.0, "translate_y": 0.0}, "9_New_Layer_1653396223.8509123.svg": {"type": "component", "top": 530.0, "bottom": 582.0, "left": 594.0, "right": 1194.0, "translate_x": 0.0, "translate_y": 0.0}, "10_New_Layer_1653396223.851338.svg": {"type": "component", "top": 1078.0, "bottom": 1114.0, "left": 594.0, "right": 1194.0, "translate_x": 0.0, "translate_y": 0.0}, "11_New_Layer_1653396223.8517754.svg": {"type": "component", "top": 1114.0, "bottom": 1146.0, "left": 594.0, "right": 1194.0, "translate_x": 0.0, "translate_y": 0.0}, "12_New_Layer_1653396223.8521938.svg": {"type": "component", "top": 1146.0, "bottom": 1178.0, "left": 594.0, "right": 1194.0, "translate_x": 0.0, "translate_y": 0.0}, "13_New_Layer_1653396223.8526132.svg": {"type": "component", "top": 1178.0, "bottom": 1210.0, "left": 594.0, "right": 1194.0, "translate_x": 0.0, "translate_y": 0.0}, "14_New_Layer_1653396223.8530445.svg": {"type": "component", "top": 1210.0, "bottom": 1242.0, "left": 594.0, "right": 1194.0, "translate_x": 0.0, "translate_y": 0.0}, "15_New_Layer_1653396223.8534646.svg": {"type": "component", "top": 1242.0, "bottom": 1274.0, "left": 594.0, "right": 1194.0, "translate_x": 0.0, "translate_y": 0.0}, "16_New_Layer_1653396223.8538897.svg": {"type": "component", "top": 1292.0, "bottom": 1304.0, "left": 861.0, "right": 1173.71, "translate_x": 0.0, "translate_y": 0.0}, "17_New_Layer_1653396223.8543036.svg": {"type": "component", "top": 378.0, "bottom": 430.0, "left": 1292.0, "right": 1892.0, "translate_x": 0.0, "translate_y": 0.0}, "18_New_Layer_1653396223.8547387.svg": {"type": "component", "top": 708.0, "bottom": 740.0, "left": 1292.0, "right": 1892.0, "translate_x": 0.0, "translate_y": 0.0}, "19_New_Layer_1653396223.8551533.svg": {"type": "component", "top": 632.0, "bottom": 684.0, "left": 1292.0, "right": 1892.0, "translate_x": 0.0, "translate_y": 0.0}, "20_New_Layer_1653396223.8555686.svg": {"type": "component", "top": 790.0, "bottom": 842.0, "left": 1292.0, "right": 1892.0, "translate_x": 0.0, "translate_y": 0.0}, "21_New_Layer_1653396223.855996.svg": {"type": "component", "top": 892.0, "bottom": 948.0, "left": 1292.0, "right": 1892.0, "translate_x": 0.0, "translate_y": 0.0}, "22_New_Layer_1653396223.856417.svg": {"type": "component", "top": 972.0, "bottom": 1028.0, "left": 1292.0, "right": 1892.0, "translate_x": 0.0, "translate_y": 0.0}, "23_New_Layer_1653396223.856847.svg": {"type": "component", "top": 454.0, "bottom": 506.0, "left": 1292.0, "right": 1892.0, "translate_x": 0.0, "translate_y": 0.0}, "24_New_Layer_1653396223.8572636.svg": {"type": "component", "top": 530.0, "bottom": 582.0, "left": 1292.0, "right": 1892.0, "translate_x": 0.0, "translate_y": 0.0}, "25_New_Layer_1653396223.857691.svg": {"type": "component", "top": 1078.0, "bottom": 1114.0, "left": 1292.0, "right": 1892.0, "translate_x": 0.0, "translate_y": 0.0}, "26_New_Layer_1653396223.8581128.svg": {"type": "component", "top": 1114.0, "bottom": 1146.0, "left": 1292.0, "right": 1892.0, "translate_x": 0.0, "translate_y": 0.0}, "27_New_Layer_1653396223.8585372.svg": {"type": "component", "top": 1146.0, "bottom": 1178.0, "left": 1292.0, "right": 1892.0, "translate_x": 0.0, "translate_y": 0.0}, "28_New_Layer_1653396223.858963.svg": {"type": "component", "top": 1178.0, "bottom": 1210.0, "left": 1292.0, "right": 1892.0, "translate_x": 0.0, "translate_y": 0.0}, "29_New_Layer_1653396223.85938.svg": {"type": "component", "top": 1210.0, "bottom": 1242.0, "left": 1292.0, "right": 1892.0, "translate_x": 0.0, "translate_y": 0.0}, "30_New_Layer_1653396223.8598063.svg": {"type": "component", "top": 1242.0, "bottom": 1274.0, "left": 1292.0, "right": 1892.0, "translate_x": 0.0, "translate_y": 0.0}, "31_New_Layer_1653396223.8602235.svg": {"type": "component", "top": 1292.0, "bottom": 1304.0, "left": 1559.0, "right": 1871.71, "translate_x": 0.0, "translate_y": 0.0}}}