{"components": ["1_New_Layer_1652823860.158461.svg", "2_New_Layer_1652823860.1609619.svg", "3_New_Layer_1652823860.1635323.svg", "4_New_Layer_1652823860.1657858.svg", "5_New_Layer_1652823860.1684816.svg", "6_New_Layer_1652823860.1708083.svg", "7_New_Layer_1652823860.1733856.svg", "8_New_Layer_1652823860.1756608.svg"], "components_data": {"1_New_Layer_1652823860.158461.svg": {"top": 56.0, "bottom": 346.5, "left": 267.99, "right": 600.0}, "2_New_Layer_1652823860.1609619.svg": {"top": 656.0, "bottom": 1016.5, "left": 63.99, "right": 396.0}, "3_New_Layer_1652823860.1635323.svg": {"top": 56.0, "bottom": 346.5, "left": 624.0, "right": 1224.0}, "4_New_Layer_1652823860.1657858.svg": {"top": 656.0, "bottom": 1016.5, "left": 624.0, "right": 1020.0}, "5_New_Layer_1652823860.1684816.svg": {"top": 388.0, "bottom": 614.5, "left": 267.99, "right": 600.0}, "6_New_Layer_1652823860.1708083.svg": {"top": 1058.0, "bottom": 1298.5, "left": 63.99, "right": 396.0}, "7_New_Layer_1652823860.1733856.svg": {"top": 388.0, "bottom": 614.5, "left": 624.0, "right": 1224.0}, "8_New_Layer_1652823860.1756608.svg": {"top": 1058.0, "bottom": 1298.5, "left": 624.0, "right": 1020.0}}}